model,lr,batch_size,min_val_loss,max_val_top1_acc
SE,0.001,128,0.3500926483631134,0.8969
SE,0.01,128,0.5224843304634095,0.8202
SE,0.0001,128,0.7086152327537537,0.7966
SE,0.001,64,0.3089653230428695,0.9026
SE,0.0001,64,0.6389433411598205,0.8224
SE,0.01,64,0.6133340551376343,0.7893
SE,0.001,32,0.3056017881393432,0.9004
SE,0.0001,32,0.5030949126243591,0.8618
SE,0.01,32,0.725297948551178,0.7483
